{
  "$schema" : "https://json-schema.org/draft/2019-09/schema",
  "$id" : "http://ibm.com/dba/projects/l3_upsell:dataModel/upsell_gb2902/datamodel/Customer.schema.json",
  "x-ibm-json-name" : "Customer",
  "x-ibm-package-name" : "upsell_gb2902.datamodel",
  "type" : "object",
  "title" : "Customer",
  "properties" : {
    "age" : {
      "title" : "age",
      "type" : "integer",
      "format" : "int32"
    },
    "listOfCurrentProducts" : {
      "title" : "current products",
      "type" : [ "array", "null" ],
      "items" : {
        "type" : "string"
      }
    },
    "name" : {
      "title" : "name",
      "type" : [ "string", "null" ]
    }
  }
}