<?xml version="1.0" encoding="UTF-8"?><vocabulary xmlns="http://schemas.ilog.com/Rules/1.0/Vocabulary">
  <glossary>
    <term>
      <label><![CDATA[current products]]></label>
      <termProperties>
        <plural><![CDATA[list of current products]]></plural>
      </termProperties>
    </term>
  </glossary>
  <concept>
    <name>upsell_gb2902.datamodel.UpsellResponse</name>
    <properties>
      <property>
        <key>ads.typeId</key>
        <value>2</value>
      </property>
      <property>
        <key>com.fasterxml.jackson.annotation.JsonTypeName</key>
        <value>UpsellResponse</value>
      </property>
      <property>
        <key>de.generated</key>
        <value>true</value>
      </property>
    </properties>
    <parents>
      <concept>ilog.rules.brl.Object</concept>
    </parents>
    <valueType>false</valueType>
    <label><![CDATA[Upsell Response]]></label>
    <categories>
      <category>
        <label><![CDATA[any]]></label>
        <description><![CDATA[ANY category]]></description>
      </category>
    </categories>
  </concept>
  <concept>
    <name>upsell_gb2902.datamodel.Customer</name>
    <properties>
      <property>
        <key>ads.typeId</key>
        <value>1</value>
      </property>
      <property>
        <key>com.fasterxml.jackson.annotation.JsonTypeName</key>
        <value>Customer</value>
      </property>
      <property>
        <key>de.generated</key>
        <value>true</value>
      </property>
    </properties>
    <parents>
      <concept>ilog.rules.brl.Object</concept>
    </parents>
    <valueType>false</valueType>
    <label><![CDATA[Customer]]></label>
    <categories>
      <category>
        <label><![CDATA[any]]></label>
        <description><![CDATA[ANY category]]></description>
      </category>
    </categories>
  </concept>
  <factType>
    <name>maxTokens</name>
    <properties>
      <property>
        <key>ads.attributeId</key>
        <value>1</value>
      </property>
      <property>
        <key>com.fasterxml.jackson.annotation.JsonProperty</key>
        <value>maxTokens</value>
      </property>
      <property>
        <key>update</key>
        <value>true</value>
      </property>
    </properties>
    <roles>
      <role>
        <properties/>
        <holder>true</holder>
        <concept>upsell_gb2902.datamodel.UpsellResponse</concept>
        <label><![CDATA[Upsell Response]]></label>
      </role>
      <role>
        <properties>
          <property>
            <key>transient.owned</key>
            <value>true</value>
          </property>
          <property>
            <key>discrete</key>
            <value>true</value>
          </property>
        </properties>
        <concept>ilog.rules.brl.Number</concept>
        <label><![CDATA[max tokens]]></label>
      </role>
    </roles>
    <sentences>
      <sentence>
        <name>SUBTRACTION_SETTER#0</name>
        <properties>
          <property>
            <key>ads.attributeId</key>
            <value>1</value>
          </property>
          <property>
            <key>com.fasterxml.jackson.annotation.JsonProperty</key>
            <value>maxTokens</value>
          </property>
          <property>
            <key>update</key>
            <value>true</value>
          </property>
        </properties>
        <textTemplate><![CDATA[subtract {1} from the max tokens of {0}]]></textTemplate>
        <sentenceCategory>SUBTRACTION_SETTER</sentenceCategory>
        <syntacticRoles>
          <syntacticRole>
            <syntacticRoleCategory>OBJECT</syntacticRoleCategory>
            <cardinality>SINGLE</cardinality>
            <role>0</role>
          </syntacticRole>
          <syntacticRole>
            <syntacticRoleCategory>OBJECT</syntacticRoleCategory>
            <cardinality>SINGLE</cardinality>
            <role>1</role>
          </syntacticRole>
        </syntacticRoles>
      </sentence>
      <sentence>
        <name>ADDITION_SETTER#0</name>
        <properties>
          <property>
            <key>ads.attributeId</key>
            <value>1</value>
          </property>
          <property>
            <key>com.fasterxml.jackson.annotation.JsonProperty</key>
            <value>maxTokens</value>
          </property>
          <property>
            <key>update</key>
            <value>true</value>
          </property>
        </properties>
        <textTemplate><![CDATA[add {1} to the max tokens of {0}]]></textTemplate>
        <sentenceCategory>ADDITION_SETTER</sentenceCategory>
        <syntacticRoles>
          <syntacticRole>
            <syntacticRoleCategory>OBJECT</syntacticRoleCategory>
            <cardinality>SINGLE</cardinality>
            <role>0</role>
          </syntacticRole>
          <syntacticRole>
            <syntacticRoleCategory>OBJECT</syntacticRoleCategory>
            <cardinality>SINGLE</cardinality>
            <role>1</role>
          </syntacticRole>
        </syntacticRoles>
      </sentence>
      <sentence>
        <name>SETTER#0</name>
        <properties>
          <property>
            <key>ads.attributeId</key>
            <value>1</value>
          </property>
          <property>
            <key>com.fasterxml.jackson.annotation.JsonProperty</key>
            <value>maxTokens</value>
          </property>
          <property>
            <key>update</key>
            <value>true</value>
          </property>
        </properties>
        <textTemplate><![CDATA[set the max tokens of {0} to {1}]]></textTemplate>
        <sentenceCategory>SETTER</sentenceCategory>
        <syntacticRoles>
          <syntacticRole>
            <syntacticRoleCategory>OBJECT</syntacticRoleCategory>
            <cardinality>SINGLE</cardinality>
            <role>0</role>
          </syntacticRole>
          <syntacticRole>
            <syntacticRoleCategory>OBJECT</syntacticRoleCategory>
            <cardinality>SINGLE</cardinality>
            <role>1</role>
          </syntacticRole>
        </syntacticRoles>
      </sentence>
      <sentence>
        <name>GETTER#0</name>
        <properties>
          <property>
            <key>ads.attributeId</key>
            <value>1</value>
          </property>
          <property>
            <key>com.fasterxml.jackson.annotation.JsonProperty</key>
            <value>maxTokens</value>
          </property>
          <property>
            <key>update</key>
            <value>true</value>
          </property>
        </properties>
        <textTemplate><![CDATA[{1} of {0}]]></textTemplate>
        <sentenceCategory>GETTER</sentenceCategory>
        <syntacticRoles>
          <syntacticRole>
            <syntacticRoleCategory>OBJECT</syntacticRoleCategory>
            <cardinality>SINGLE</cardinality>
            <role>0</role>
          </syntacticRole>
          <syntacticRole>
            <syntacticRoleCategory>SUBJECT</syntacticRoleCategory>
            <cardinality>SINGLE</cardinality>
            <role>1</role>
          </syntacticRole>
        </syntacticRoles>
      </sentence>
    </sentences>
    <categories>
      <category>
        <label><![CDATA[any]]></label>
        <description><![CDATA[ANY category]]></description>
      </category>
    </categories>
  </factType>
  <factType>
    <name>minTokens</name>
    <properties>
      <property>
        <key>ads.attributeId</key>
        <value>2</value>
      </property>
      <property>
        <key>com.fasterxml.jackson.annotation.JsonProperty</key>
        <value>minTokens</value>
      </property>
      <property>
        <key>update</key>
        <value>true</value>
      </property>
    </properties>
    <roles>
      <role>
        <properties/>
        <holder>true</holder>
        <concept>upsell_gb2902.datamodel.UpsellResponse</concept>
        <label><![CDATA[Upsell Response]]></label>
      </role>
      <role>
        <properties>
          <property>
            <key>transient.owned</key>
            <value>true</value>
          </property>
          <property>
            <key>discrete</key>
            <value>true</value>
          </property>
        </properties>
        <concept>ilog.rules.brl.Number</concept>
        <label><![CDATA[min tokens]]></label>
      </role>
    </roles>
    <sentences>
      <sentence>
        <name>SUBTRACTION_SETTER#0</name>
        <properties>
          <property>
            <key>ads.attributeId</key>
            <value>2</value>
          </property>
          <property>
            <key>com.fasterxml.jackson.annotation.JsonProperty</key>
            <value>minTokens</value>
          </property>
          <property>
            <key>update</key>
            <value>true</value>
          </property>
        </properties>
        <textTemplate><![CDATA[subtract {1} from the min tokens of {0}]]></textTemplate>
        <sentenceCategory>SUBTRACTION_SETTER</sentenceCategory>
        <syntacticRoles>
          <syntacticRole>
            <syntacticRoleCategory>OBJECT</syntacticRoleCategory>
            <cardinality>SINGLE</cardinality>
            <role>0</role>
          </syntacticRole>
          <syntacticRole>
            <syntacticRoleCategory>OBJECT</syntacticRoleCategory>
            <cardinality>SINGLE</cardinality>
            <role>1</role>
          </syntacticRole>
        </syntacticRoles>
      </sentence>
      <sentence>
        <name>ADDITION_SETTER#0</name>
        <properties>
          <property>
            <key>ads.attributeId</key>
            <value>2</value>
          </property>
          <property>
            <key>com.fasterxml.jackson.annotation.JsonProperty</key>
            <value>minTokens</value>
          </property>
          <property>
            <key>update</key>
            <value>true</value>
          </property>
        </properties>
        <textTemplate><![CDATA[add {1} to the min tokens of {0}]]></textTemplate>
        <sentenceCategory>ADDITION_SETTER</sentenceCategory>
        <syntacticRoles>
          <syntacticRole>
            <syntacticRoleCategory>OBJECT</syntacticRoleCategory>
            <cardinality>SINGLE</cardinality>
            <role>0</role>
          </syntacticRole>
          <syntacticRole>
            <syntacticRoleCategory>OBJECT</syntacticRoleCategory>
            <cardinality>SINGLE</cardinality>
            <role>1</role>
          </syntacticRole>
        </syntacticRoles>
      </sentence>
      <sentence>
        <name>SETTER#0</name>
        <properties>
          <property>
            <key>ads.attributeId</key>
            <value>2</value>
          </property>
          <property>
            <key>com.fasterxml.jackson.annotation.JsonProperty</key>
            <value>minTokens</value>
          </property>
          <property>
            <key>update</key>
            <value>true</value>
          </property>
        </properties>
        <textTemplate><![CDATA[set the min tokens of {0} to {1}]]></textTemplate>
        <sentenceCategory>SETTER</sentenceCategory>
        <syntacticRoles>
          <syntacticRole>
            <syntacticRoleCategory>OBJECT</syntacticRoleCategory>
            <cardinality>SINGLE</cardinality>
            <role>0</role>
          </syntacticRole>
          <syntacticRole>
            <syntacticRoleCategory>OBJECT</syntacticRoleCategory>
            <cardinality>SINGLE</cardinality>
            <role>1</role>
          </syntacticRole>
        </syntacticRoles>
      </sentence>
      <sentence>
        <name>GETTER#0</name>
        <properties>
          <property>
            <key>ads.attributeId</key>
            <value>2</value>
          </property>
          <property>
            <key>com.fasterxml.jackson.annotation.JsonProperty</key>
            <value>minTokens</value>
          </property>
          <property>
            <key>update</key>
            <value>true</value>
          </property>
        </properties>
        <textTemplate><![CDATA[{1} of {0}]]></textTemplate>
        <sentenceCategory>GETTER</sentenceCategory>
        <syntacticRoles>
          <syntacticRole>
            <syntacticRoleCategory>OBJECT</syntacticRoleCategory>
            <cardinality>SINGLE</cardinality>
            <role>0</role>
          </syntacticRole>
          <syntacticRole>
            <syntacticRoleCategory>SUBJECT</syntacticRoleCategory>
            <cardinality>SINGLE</cardinality>
            <role>1</role>
          </syntacticRole>
        </syntacticRoles>
      </sentence>
    </sentences>
    <categories>
      <category>
        <label><![CDATA[any]]></label>
        <description><![CDATA[ANY category]]></description>
      </category>
    </categories>
  </factType>
  <factType>
    <name>prompt</name>
    <properties>
      <property>
        <key>ads.attributeId</key>
        <value>3</value>
      </property>
      <property>
        <key>com.fasterxml.jackson.annotation.JsonProperty</key>
        <value>prompt</value>
      </property>
      <property>
        <key>update</key>
        <value>true</value>
      </property>
    </properties>
    <roles>
      <role>
        <properties/>
        <holder>true</holder>
        <concept>upsell_gb2902.datamodel.UpsellResponse</concept>
        <label><![CDATA[Upsell Response]]></label>
      </role>
      <role>
        <properties>
          <property>
            <key>transient.owned</key>
            <value>true</value>
          </property>
        </properties>
        <concept>ilog.rules.brl.String</concept>
        <label><![CDATA[prompt]]></label>
      </role>
    </roles>
    <sentences>
      <sentence>
        <name>SETTER#0</name>
        <properties>
          <property>
            <key>ads.attributeId</key>
            <value>3</value>
          </property>
          <property>
            <key>com.fasterxml.jackson.annotation.JsonProperty</key>
            <value>prompt</value>
          </property>
          <property>
            <key>update</key>
            <value>true</value>
          </property>
        </properties>
        <textTemplate><![CDATA[set the prompt of {0} to {1}]]></textTemplate>
        <sentenceCategory>SETTER</sentenceCategory>
        <syntacticRoles>
          <syntacticRole>
            <syntacticRoleCategory>OBJECT</syntacticRoleCategory>
            <cardinality>SINGLE</cardinality>
            <role>0</role>
          </syntacticRole>
          <syntacticRole>
            <syntacticRoleCategory>OBJECT</syntacticRoleCategory>
            <cardinality>SINGLE</cardinality>
            <role>1</role>
          </syntacticRole>
        </syntacticRoles>
      </sentence>
      <sentence>
        <name>GETTER#0</name>
        <properties>
          <property>
            <key>ads.attributeId</key>
            <value>3</value>
          </property>
          <property>
            <key>com.fasterxml.jackson.annotation.JsonProperty</key>
            <value>prompt</value>
          </property>
          <property>
            <key>update</key>
            <value>true</value>
          </property>
        </properties>
        <textTemplate><![CDATA[{1} of {0}]]></textTemplate>
        <sentenceCategory>GETTER</sentenceCategory>
        <syntacticRoles>
          <syntacticRole>
            <syntacticRoleCategory>OBJECT</syntacticRoleCategory>
            <cardinality>SINGLE</cardinality>
            <role>0</role>
          </syntacticRole>
          <syntacticRole>
            <syntacticRoleCategory>SUBJECT</syntacticRoleCategory>
            <cardinality>SINGLE</cardinality>
            <role>1</role>
          </syntacticRole>
        </syntacticRoles>
      </sentence>
    </sentences>
    <categories>
      <category>
        <label><![CDATA[any]]></label>
        <description><![CDATA[ANY category]]></description>
      </category>
    </categories>
  </factType>
  <factType>
    <name>recommendation</name>
    <properties>
      <property>
        <key>ads.attributeId</key>
        <value>4</value>
      </property>
      <property>
        <key>com.fasterxml.jackson.annotation.JsonProperty</key>
        <value>recommendation</value>
      </property>
      <property>
        <key>update</key>
        <value>true</value>
      </property>
    </properties>
    <roles>
      <role>
        <properties/>
        <holder>true</holder>
        <concept>upsell_gb2902.datamodel.UpsellResponse</concept>
        <label><![CDATA[Upsell Response]]></label>
      </role>
      <role>
        <properties>
          <property>
            <key>transient.owned</key>
            <value>true</value>
          </property>
        </properties>
        <concept>ilog.rules.brl.String</concept>
        <label><![CDATA[recommendation]]></label>
      </role>
    </roles>
    <sentences>
      <sentence>
        <name>SETTER#0</name>
        <properties>
          <property>
            <key>ads.attributeId</key>
            <value>4</value>
          </property>
          <property>
            <key>com.fasterxml.jackson.annotation.JsonProperty</key>
            <value>recommendation</value>
          </property>
          <property>
            <key>update</key>
            <value>true</value>
          </property>
        </properties>
        <textTemplate><![CDATA[set the recommendation of {0} to {1}]]></textTemplate>
        <sentenceCategory>SETTER</sentenceCategory>
        <syntacticRoles>
          <syntacticRole>
            <syntacticRoleCategory>OBJECT</syntacticRoleCategory>
            <cardinality>SINGLE</cardinality>
            <role>0</role>
          </syntacticRole>
          <syntacticRole>
            <syntacticRoleCategory>OBJECT</syntacticRoleCategory>
            <cardinality>SINGLE</cardinality>
            <role>1</role>
          </syntacticRole>
        </syntacticRoles>
      </sentence>
      <sentence>
        <name>GETTER#0</name>
        <properties>
          <property>
            <key>ads.attributeId</key>
            <value>4</value>
          </property>
          <property>
            <key>com.fasterxml.jackson.annotation.JsonProperty</key>
            <value>recommendation</value>
          </property>
          <property>
            <key>update</key>
            <value>true</value>
          </property>
        </properties>
        <textTemplate><![CDATA[{1} of {0}]]></textTemplate>
        <sentenceCategory>GETTER</sentenceCategory>
        <syntacticRoles>
          <syntacticRole>
            <syntacticRoleCategory>OBJECT</syntacticRoleCategory>
            <cardinality>SINGLE</cardinality>
            <role>0</role>
          </syntacticRole>
          <syntacticRole>
            <syntacticRoleCategory>SUBJECT</syntacticRoleCategory>
            <cardinality>SINGLE</cardinality>
            <role>1</role>
          </syntacticRole>
        </syntacticRoles>
      </sentence>
    </sentences>
    <categories>
      <category>
        <label><![CDATA[any]]></label>
        <description><![CDATA[ANY category]]></description>
      </category>
    </categories>
  </factType>
  <factType>
    <name>age</name>
    <properties>
      <property>
        <key>ads.attributeId</key>
        <value>1</value>
      </property>
      <property>
        <key>com.fasterxml.jackson.annotation.JsonProperty</key>
        <value>age</value>
      </property>
      <property>
        <key>update</key>
        <value>true</value>
      </property>
    </properties>
    <roles>
      <role>
        <properties/>
        <holder>true</holder>
        <concept>upsell_gb2902.datamodel.Customer</concept>
        <label><![CDATA[Customer]]></label>
      </role>
      <role>
        <properties>
          <property>
            <key>transient.owned</key>
            <value>true</value>
          </property>
          <property>
            <key>discrete</key>
            <value>true</value>
          </property>
        </properties>
        <concept>ilog.rules.brl.Number</concept>
        <label><![CDATA[age]]></label>
      </role>
    </roles>
    <sentences>
      <sentence>
        <name>SUBTRACTION_SETTER#0</name>
        <properties>
          <property>
            <key>ads.attributeId</key>
            <value>1</value>
          </property>
          <property>
            <key>com.fasterxml.jackson.annotation.JsonProperty</key>
            <value>age</value>
          </property>
          <property>
            <key>update</key>
            <value>true</value>
          </property>
        </properties>
        <textTemplate><![CDATA[subtract {1} from the age of {0}]]></textTemplate>
        <sentenceCategory>SUBTRACTION_SETTER</sentenceCategory>
        <syntacticRoles>
          <syntacticRole>
            <syntacticRoleCategory>OBJECT</syntacticRoleCategory>
            <cardinality>SINGLE</cardinality>
            <role>0</role>
          </syntacticRole>
          <syntacticRole>
            <syntacticRoleCategory>OBJECT</syntacticRoleCategory>
            <cardinality>SINGLE</cardinality>
            <role>1</role>
          </syntacticRole>
        </syntacticRoles>
      </sentence>
      <sentence>
        <name>ADDITION_SETTER#0</name>
        <properties>
          <property>
            <key>ads.attributeId</key>
            <value>1</value>
          </property>
          <property>
            <key>com.fasterxml.jackson.annotation.JsonProperty</key>
            <value>age</value>
          </property>
          <property>
            <key>update</key>
            <value>true</value>
          </property>
        </properties>
        <textTemplate><![CDATA[add {1} to the age of {0}]]></textTemplate>
        <sentenceCategory>ADDITION_SETTER</sentenceCategory>
        <syntacticRoles>
          <syntacticRole>
            <syntacticRoleCategory>OBJECT</syntacticRoleCategory>
            <cardinality>SINGLE</cardinality>
            <role>0</role>
          </syntacticRole>
          <syntacticRole>
            <syntacticRoleCategory>OBJECT</syntacticRoleCategory>
            <cardinality>SINGLE</cardinality>
            <role>1</role>
          </syntacticRole>
        </syntacticRoles>
      </sentence>
      <sentence>
        <name>SETTER#0</name>
        <properties>
          <property>
            <key>ads.attributeId</key>
            <value>1</value>
          </property>
          <property>
            <key>com.fasterxml.jackson.annotation.JsonProperty</key>
            <value>age</value>
          </property>
          <property>
            <key>update</key>
            <value>true</value>
          </property>
        </properties>
        <textTemplate><![CDATA[set the age of {0} to {1}]]></textTemplate>
        <sentenceCategory>SETTER</sentenceCategory>
        <syntacticRoles>
          <syntacticRole>
            <syntacticRoleCategory>OBJECT</syntacticRoleCategory>
            <cardinality>SINGLE</cardinality>
            <role>0</role>
          </syntacticRole>
          <syntacticRole>
            <syntacticRoleCategory>OBJECT</syntacticRoleCategory>
            <cardinality>SINGLE</cardinality>
            <role>1</role>
          </syntacticRole>
        </syntacticRoles>
      </sentence>
      <sentence>
        <name>GETTER#0</name>
        <properties>
          <property>
            <key>ads.attributeId</key>
            <value>1</value>
          </property>
          <property>
            <key>com.fasterxml.jackson.annotation.JsonProperty</key>
            <value>age</value>
          </property>
          <property>
            <key>update</key>
            <value>true</value>
          </property>
        </properties>
        <textTemplate><![CDATA[{1} of {0}]]></textTemplate>
        <sentenceCategory>GETTER</sentenceCategory>
        <syntacticRoles>
          <syntacticRole>
            <syntacticRoleCategory>OBJECT</syntacticRoleCategory>
            <cardinality>SINGLE</cardinality>
            <role>0</role>
          </syntacticRole>
          <syntacticRole>
            <syntacticRoleCategory>SUBJECT</syntacticRoleCategory>
            <cardinality>SINGLE</cardinality>
            <role>1</role>
          </syntacticRole>
        </syntacticRoles>
      </sentence>
    </sentences>
    <categories>
      <category>
        <label><![CDATA[any]]></label>
        <description><![CDATA[ANY category]]></description>
      </category>
    </categories>
  </factType>
  <factType>
    <name>listOfCurrentProducts</name>
    <properties>
      <property>
        <key>ads.attributeId</key>
        <value>3</value>
      </property>
      <property>
        <key>com.fasterxml.jackson.annotation.JsonProperty</key>
        <value>listOfCurrentProducts</value>
      </property>
      <property>
        <key>update</key>
        <value>true</value>
      </property>
    </properties>
    <roles>
      <role>
        <properties/>
        <holder>true</holder>
        <concept>upsell_gb2902.datamodel.Customer</concept>
        <label><![CDATA[Customer]]></label>
      </role>
      <role>
        <properties>
          <property>
            <key>transient.owned</key>
            <value>true</value>
          </property>
        </properties>
        <concept>ilog.rules.brl.String</concept>
        <label><![CDATA[current products]]></label>
      </role>
    </roles>
    <sentences>
      <sentence>
        <name>SETTER#0</name>
        <properties>
          <property>
            <key>ads.attributeId</key>
            <value>3</value>
          </property>
          <property>
            <key>com.fasterxml.jackson.annotation.JsonProperty</key>
            <value>listOfCurrentProducts</value>
          </property>
          <property>
            <key>update</key>
            <value>true</value>
          </property>
        </properties>
        <textTemplate><![CDATA[set the list of current products of {0} to {1}]]></textTemplate>
        <sentenceCategory>SETTER</sentenceCategory>
        <syntacticRoles>
          <syntacticRole>
            <syntacticRoleCategory>OBJECT</syntacticRoleCategory>
            <cardinality>SINGLE</cardinality>
            <role>0</role>
          </syntacticRole>
          <syntacticRole>
            <syntacticRoleCategory>OBJECT</syntacticRoleCategory>
            <cardinality>MULTIPLE</cardinality>
            <role>1</role>
          </syntacticRole>
        </syntacticRoles>
      </sentence>
      <sentence>
        <name>GETTER#0</name>
        <properties>
          <property>
            <key>ads.attributeId</key>
            <value>3</value>
          </property>
          <property>
            <key>com.fasterxml.jackson.annotation.JsonProperty</key>
            <value>listOfCurrentProducts</value>
          </property>
          <property>
            <key>update</key>
            <value>true</value>
          </property>
        </properties>
        <textTemplate><![CDATA[{1} of {0}]]></textTemplate>
        <sentenceCategory>GETTER</sentenceCategory>
        <syntacticRoles>
          <syntacticRole>
            <syntacticRoleCategory>OBJECT</syntacticRoleCategory>
            <cardinality>SINGLE</cardinality>
            <role>0</role>
          </syntacticRole>
          <syntacticRole>
            <syntacticRoleCategory>SUBJECT</syntacticRoleCategory>
            <cardinality>MULTIPLE</cardinality>
            <role>1</role>
          </syntacticRole>
        </syntacticRoles>
      </sentence>
    </sentences>
    <categories>
      <category>
        <label><![CDATA[any]]></label>
        <description><![CDATA[ANY category]]></description>
      </category>
    </categories>
  </factType>
  <factType>
    <name>name</name>
    <properties>
      <property>
        <key>ads.attributeId</key>
        <value>2</value>
      </property>
      <property>
        <key>com.fasterxml.jackson.annotation.JsonProperty</key>
        <value>name</value>
      </property>
      <property>
        <key>update</key>
        <value>true</value>
      </property>
    </properties>
    <roles>
      <role>
        <properties/>
        <holder>true</holder>
        <concept>upsell_gb2902.datamodel.Customer</concept>
        <label><![CDATA[Customer]]></label>
      </role>
      <role>
        <properties>
          <property>
            <key>transient.owned</key>
            <value>true</value>
          </property>
        </properties>
        <concept>ilog.rules.brl.String</concept>
        <label><![CDATA[name]]></label>
      </role>
    </roles>
    <sentences>
      <sentence>
        <name>SETTER#0</name>
        <properties>
          <property>
            <key>ads.attributeId</key>
            <value>2</value>
          </property>
          <property>
            <key>com.fasterxml.jackson.annotation.JsonProperty</key>
            <value>name</value>
          </property>
          <property>
            <key>update</key>
            <value>true</value>
          </property>
        </properties>
        <textTemplate><![CDATA[set the name of {0} to {1}]]></textTemplate>
        <sentenceCategory>SETTER</sentenceCategory>
        <syntacticRoles>
          <syntacticRole>
            <syntacticRoleCategory>OBJECT</syntacticRoleCategory>
            <cardinality>SINGLE</cardinality>
            <role>0</role>
          </syntacticRole>
          <syntacticRole>
            <syntacticRoleCategory>OBJECT</syntacticRoleCategory>
            <cardinality>SINGLE</cardinality>
            <role>1</role>
          </syntacticRole>
        </syntacticRoles>
      </sentence>
      <sentence>
        <name>GETTER#0</name>
        <properties>
          <property>
            <key>ads.attributeId</key>
            <value>2</value>
          </property>
          <property>
            <key>com.fasterxml.jackson.annotation.JsonProperty</key>
            <value>name</value>
          </property>
          <property>
            <key>update</key>
            <value>true</value>
          </property>
        </properties>
        <textTemplate><![CDATA[{1} of {0}]]></textTemplate>
        <sentenceCategory>GETTER</sentenceCategory>
        <syntacticRoles>
          <syntacticRole>
            <syntacticRoleCategory>OBJECT</syntacticRoleCategory>
            <cardinality>SINGLE</cardinality>
            <role>0</role>
          </syntacticRole>
          <syntacticRole>
            <syntacticRoleCategory>SUBJECT</syntacticRoleCategory>
            <cardinality>SINGLE</cardinality>
            <role>1</role>
          </syntacticRole>
        </syntacticRoles>
      </sentence>
    </sentences>
    <categories>
      <category>
        <label><![CDATA[any]]></label>
        <description><![CDATA[ANY category]]></description>
      </category>
    </categories>
  </factType>
  <factType>
    <name>addTo_listOfCurrentProducts(java.lang.String)</name>
    <properties>
      <property>
        <key>collectionAttribute</key>
        <value>listOfCurrentProducts</value>
      </property>
      <property>
        <key>update</key>
        <value>true</value>
      </property>
    </properties>
    <roles>
      <role>
        <properties/>
        <holder>true</holder>
        <concept>upsell_gb2902.datamodel.Customer</concept>
        <label><![CDATA[Customer]]></label>
      </role>
      <role>
        <concept>ilog.rules.brl.String</concept>
        <label><![CDATA[current products]]></label>
      </role>
    </roles>
    <sentences>
      <sentence>
        <name>COLLECTION_ADD#0</name>
        <properties>
          <property>
            <key>collectionAttribute</key>
            <value>listOfCurrentProducts</value>
          </property>
          <property>
            <key>update</key>
            <value>true</value>
          </property>
        </properties>
        <textTemplate><![CDATA[add {1} to the list of current products of {0}]]></textTemplate>
        <sentenceCategory>COLLECTION_ADD</sentenceCategory>
        <syntacticRoles>
          <syntacticRole>
            <syntacticRoleCategory>OBJECT</syntacticRoleCategory>
            <cardinality>SINGLE</cardinality>
            <role>0</role>
          </syntacticRole>
          <syntacticRole>
            <syntacticRoleCategory>OBJECT</syntacticRoleCategory>
            <cardinality>SINGLE</cardinality>
            <role>1</role>
          </syntacticRole>
        </syntacticRoles>
      </sentence>
    </sentences>
    <categories>
      <category>
        <label><![CDATA[any]]></label>
        <description><![CDATA[ANY category]]></description>
      </category>
    </categories>
  </factType>
  <factType>
    <name>removeFrom_listOfCurrentProducts(java.lang.String)</name>
    <properties>
      <property>
        <key>collectionAttribute</key>
        <value>listOfCurrentProducts</value>
      </property>
      <property>
        <key>update</key>
        <value>true</value>
      </property>
    </properties>
    <roles>
      <role>
        <properties/>
        <holder>true</holder>
        <concept>upsell_gb2902.datamodel.Customer</concept>
        <label><![CDATA[Customer]]></label>
      </role>
      <role>
        <concept>ilog.rules.brl.String</concept>
        <label><![CDATA[current products]]></label>
      </role>
    </roles>
    <sentences>
      <sentence>
        <name>COLLECTION_REMOVE#0</name>
        <properties>
          <property>
            <key>collectionAttribute</key>
            <value>listOfCurrentProducts</value>
          </property>
          <property>
            <key>update</key>
            <value>true</value>
          </property>
        </properties>
        <textTemplate><![CDATA[remove {1} from the list of current products of {0}]]></textTemplate>
        <sentenceCategory>COLLECTION_REMOVE</sentenceCategory>
        <syntacticRoles>
          <syntacticRole>
            <syntacticRoleCategory>OBJECT</syntacticRoleCategory>
            <cardinality>SINGLE</cardinality>
            <role>0</role>
          </syntacticRole>
          <syntacticRole>
            <syntacticRoleCategory>OBJECT</syntacticRoleCategory>
            <cardinality>SINGLE</cardinality>
            <role>1</role>
          </syntacticRole>
        </syntacticRoles>
      </sentence>
    </sentences>
    <categories>
      <category>
        <label><![CDATA[any]]></label>
        <description><![CDATA[ANY category]]></description>
      </category>
    </categories>
  </factType>
  <factType>
    <name>clear_listOfCurrentProducts()</name>
    <properties>
      <property>
        <key>collectionAttribute</key>
        <value>listOfCurrentProducts</value>
      </property>
      <property>
        <key>update</key>
        <value>true</value>
      </property>
    </properties>
    <roles>
      <role>
        <properties/>
        <holder>true</holder>
        <concept>upsell_gb2902.datamodel.Customer</concept>
        <label><![CDATA[Customer]]></label>
      </role>
    </roles>
    <sentences>
      <sentence>
        <name>COLLECTION_CLEAR#0</name>
        <properties>
          <property>
            <key>collectionAttribute</key>
            <value>listOfCurrentProducts</value>
          </property>
          <property>
            <key>update</key>
            <value>true</value>
          </property>
        </properties>
        <textTemplate><![CDATA[clear the list of current products of {0}]]></textTemplate>
        <sentenceCategory>COLLECTION_CLEAR</sentenceCategory>
        <syntacticRoles>
          <syntacticRole>
            <syntacticRoleCategory>OBJECT</syntacticRoleCategory>
            <cardinality>SINGLE</cardinality>
            <role>0</role>
          </syntacticRole>
        </syntacticRoles>
      </sentence>
    </sentences>
    <categories>
      <category>
        <label><![CDATA[any]]></label>
        <description><![CDATA[ANY category]]></description>
      </category>
    </categories>
  </factType>
  <factType>
    <name>UpsellResponse(int,int,java.lang.String,java.lang.String)</name>
    <properties>
      <property>
        <key>autoExpand</key>
        <value>true</value>
      </property>
      <property>
        <key>beanConstructor</key>
        <value>true</value>
      </property>
      <property>
        <key>groups</key>
        <value>BALA</value>
      </property>
      <property>
        <key>prototype</key>
        <value>true</value>
      </property>
    </properties>
    <roles>
      <role>
        <properties/>
        <holder>true</holder>
        <concept>upsell_gb2902.datamodel.UpsellResponse</concept>
        <label><![CDATA[Upsell Response]]></label>
      </role>
      <role>
        <properties>
          <property>
            <key>discrete</key>
            <value>true</value>
          </property>
        </properties>
        <concept>ilog.rules.brl.Number</concept>
      </role>
      <role>
        <properties>
          <property>
            <key>discrete</key>
            <value>true</value>
          </property>
        </properties>
        <concept>ilog.rules.brl.Number</concept>
      </role>
      <role>
        <concept>ilog.rules.brl.String</concept>
      </role>
      <role>
        <concept>ilog.rules.brl.String</concept>
      </role>
      <role>
        <properties>
          <property>
            <key>transient.owned</key>
            <value>true</value>
          </property>
        </properties>
        <concept>upsell_gb2902.datamodel.UpsellResponse</concept>
        <label><![CDATA[Upsell Response]]></label>
      </role>
    </roles>
    <sentences>
      <sentence>
        <name>NAVIGATION#0</name>
        <properties>
          <property>
            <key>autoExpand</key>
            <value>true</value>
          </property>
          <property>
            <key>beanConstructor</key>
            <value>true</value>
          </property>
          <property>
            <key>groups</key>
            <value>BALA</value>
          </property>
          <property>
            <key>prototype</key>
            <value>true</value>
          </property>
        </properties>
        <textTemplate><![CDATA[a new {5} where {1} {2} {3} {4}]]></textTemplate>
        <sentenceCategory>NAVIGATION</sentenceCategory>
        <syntacticRoles>
          <syntacticRole>
            <syntacticRoleCategory>OBJECT</syntacticRoleCategory>
            <cardinality>SINGLE</cardinality>
            <role>0</role>
          </syntacticRole>
          <syntacticRole>
            <syntacticRoleCategory>OBJECT</syntacticRoleCategory>
            <cardinality>SINGLE</cardinality>
            <role>1</role>
            <label><![CDATA[max tokens]]></label>
          </syntacticRole>
          <syntacticRole>
            <syntacticRoleCategory>OBJECT</syntacticRoleCategory>
            <cardinality>SINGLE</cardinality>
            <role>2</role>
            <label><![CDATA[min tokens]]></label>
          </syntacticRole>
          <syntacticRole>
            <syntacticRoleCategory>OBJECT</syntacticRoleCategory>
            <cardinality>SINGLE</cardinality>
            <role>3</role>
            <label><![CDATA[prompt]]></label>
          </syntacticRole>
          <syntacticRole>
            <syntacticRoleCategory>OBJECT</syntacticRoleCategory>
            <cardinality>SINGLE</cardinality>
            <role>4</role>
            <label><![CDATA[recommendation]]></label>
          </syntacticRole>
          <syntacticRole>
            <syntacticRoleCategory>SUBJECT</syntacticRoleCategory>
            <cardinality>SINGLE</cardinality>
            <role>5</role>
          </syntacticRole>
        </syntacticRoles>
      </sentence>
    </sentences>
    <categories>
      <category>
        <label><![CDATA[any]]></label>
        <description><![CDATA[ANY category]]></description>
      </category>
    </categories>
  </factType>
  <factType>
    <name>Customer(int,java.util.List,java.lang.String)</name>
    <properties>
      <property>
        <key>autoExpand</key>
        <value>true</value>
      </property>
      <property>
        <key>beanConstructor</key>
        <value>true</value>
      </property>
      <property>
        <key>groups</key>
        <value>BALA</value>
      </property>
      <property>
        <key>prototype</key>
        <value>true</value>
      </property>
    </properties>
    <roles>
      <role>
        <properties/>
        <holder>true</holder>
        <concept>upsell_gb2902.datamodel.Customer</concept>
        <label><![CDATA[Customer]]></label>
      </role>
      <role>
        <properties>
          <property>
            <key>discrete</key>
            <value>true</value>
          </property>
        </properties>
        <concept>ilog.rules.brl.Number</concept>
      </role>
      <role>
        <properties/>
        <concept>ilog.rules.brl.String</concept>
      </role>
      <role>
        <concept>ilog.rules.brl.String</concept>
      </role>
      <role>
        <properties>
          <property>
            <key>transient.owned</key>
            <value>true</value>
          </property>
        </properties>
        <concept>upsell_gb2902.datamodel.Customer</concept>
        <label><![CDATA[Customer]]></label>
      </role>
    </roles>
    <sentences>
      <sentence>
        <name>NAVIGATION#0</name>
        <properties>
          <property>
            <key>autoExpand</key>
            <value>true</value>
          </property>
          <property>
            <key>beanConstructor</key>
            <value>true</value>
          </property>
          <property>
            <key>groups</key>
            <value>BALA</value>
          </property>
          <property>
            <key>prototype</key>
            <value>true</value>
          </property>
        </properties>
        <textTemplate><![CDATA[a new {4} where {1} {2} {3}]]></textTemplate>
        <sentenceCategory>NAVIGATION</sentenceCategory>
        <syntacticRoles>
          <syntacticRole>
            <syntacticRoleCategory>OBJECT</syntacticRoleCategory>
            <cardinality>SINGLE</cardinality>
            <role>0</role>
          </syntacticRole>
          <syntacticRole>
            <syntacticRoleCategory>OBJECT</syntacticRoleCategory>
            <cardinality>SINGLE</cardinality>
            <role>1</role>
            <label><![CDATA[age]]></label>
          </syntacticRole>
          <syntacticRole>
            <syntacticRoleCategory>OBJECT</syntacticRoleCategory>
            <cardinality>MULTIPLE</cardinality>
            <role>2</role>
            <label><![CDATA[current products]]></label>
          </syntacticRole>
          <syntacticRole>
            <syntacticRoleCategory>OBJECT</syntacticRoleCategory>
            <cardinality>SINGLE</cardinality>
            <role>3</role>
            <label><![CDATA[name]]></label>
          </syntacticRole>
          <syntacticRole>
            <syntacticRoleCategory>SUBJECT</syntacticRoleCategory>
            <cardinality>SINGLE</cardinality>
            <role>4</role>
          </syntacticRole>
        </syntacticRoles>
      </sentence>
    </sentences>
    <categories>
      <category>
        <label><![CDATA[any]]></label>
        <description><![CDATA[ANY category]]></description>
      </category>
    </categories>
  </factType>
</vocabulary>
